{
  "version": 1,
  "author": "Rifcha Sya'bani Fatullah",
  "editor": "wokwi",
  "parts": [
    { "type": "board-esp32-devkit-c-v4", "id": "esp", "top": 9.6, "left": -110.36, "attrs": {} },
    { "type": "wokwi-dht22", "id": "dht1", "top": -124.5, "left": 33, "attrs": {} },
    {
      "type": "wokwi-photoresistor-sensor",
      "id": "ldr1",
      "top": 252.8,
      "left": -325.6,
      "attrs": {}
    },
    {
      "type": "wokwi-lcd1602",
      "id": "lcd1",
      "top": 35.2,
      "left": 130.4,
      "attrs": { "pins": "i2c" }
    }
  ],
  "connections": [
    [ "esp:TX", "$serialMonitor:RX", "", [] ],
    [ "esp:RX", "$serialMonitor:TX", "", [] ],
    [ "dht1:VCC", "esp:3V3", "red", [ "h-230.4", "v38.4" ] ],
    [ "ldr1:VCC", "esp:3V3", "red", [ "h9.6", "v-230.4" ] ],
    [ "ldr1:AO", "esp:32", "green", [ "h28.8", "v-202.3" ] ],
    [ "ldr1:GND", "esp:GND.1", "black", [ "h38.4", "v-115.6" ] ],
    [ "dht1:GND", "esp:GND.2", "black", [ "v0" ] ],
    [ "dht1:SDA", "esp:4", "green", [ "v0" ] ],
    [ "lcd1:VCC", "esp:5V", "red", [ "h-19.2", "v192.1", "h-220.95" ] ],
    [ "lcd1:SCL", "esp:22", "green", [ "v0.3", "h-105.6", "v-38.4" ] ],
    [ "lcd1:GND", "esp:GND.3", "black", [ "h-124.8", "v28.8" ] ],
    [ "lcd1:SDA", "esp:21", "green", [ "h0" ] ]
  ],
  "dependencies": {}
}